Start Date,Ranking,Bands,Venue,Location,Rating,Paid,Discount,capacity,Is Local,dist_from_home,drive_time,Scrobbles Before Concert,Album Name,Release Date,Tier,Waited,Venue Location,Full Address,Latitude,Longitude,Venue_Bands_Complete,LongTerm_Start Date,LongTerm_Bands,LongTerm_Venue,LongTerm_Location
2024-02-08,1.0,"Willi Carlisle, Golden Shoals",Cactus Club,"Milwaukee, Wisconsin, United States",5.0,1.0,,150.0,0.0,9.5,15.0,53.0,Critterland,2024-01-26,Top 5,13 day(s),"Cactus Club, Milwaukee, Wisconsin, United States","2496 S Wentworth Ave, Milwaukee, WI 53207",42.9990303,-87.890202,"Willi Carlisle, Golden Shoals, Barely Civil, Overhand, Known Moons, Magazine Beach, Katy Kirby, Mei Semones, Maximiano, J.E. Sunde, Caley Conway, Bats, Maximiano, Long Mama, King Courteen, The Nunnery, Dosh, Luke Callen, Maximiano, Johanna Rose, Ellie Jackson, Bitch Creek",2024-02-08,"Willi Carlisle, Golden Shoals",Cactus Club,"Milwaukee, Wisconsin, United States"
2024-01-13,2.0,"Lady Bird, Max Niemann, Jacob Slade, Maximiano, Jack Eyke",Pool Studios,"Milwaukee, Wisconsin, United States",5.0,1.0,,250.0,1.0,5.1,12.0,120.0,Soft Spoken,2023-10-13,Top 25,92 day(s),"Pool Studios, Milwaukee, Wisconsin, United States","3728 N Fratney St, Milwaukee, WI 53212",43.0845801,-87.9001178,"Lady Bird, Max Niemann, Jacob Slade, Maximiano, Jack Eyke",2024-01-13,"Lady Bird, Max Niemann, Jacob Slade, Maximiano, Jack Eyke",Pool Studios,"Milwaukee, Wisconsin, United States"
2024-03-31,3.0,"Barely Civil, Magazine Beach, Overhand, Known Moons",Cactus Club,"Milwaukee, Wisconsin, United States",5.0,1.0,,150.0,1.0,9.5,15.0,78.0,I'd Say I'm Not Fine,2024-03-22,Top 10,9 day(s),"Cactus Club, Milwaukee, Wisconsin, United States","2498 S Wentworth Ave, Milwaukee, WI 53207",42.9990303,-87.890202,"Willi Carlisle, Golden Shoals, Barely Civil, Overhand, Known Moons, Magazine Beach, Katy Kirby, Mei Semones, Maximiano, J.E. Sunde, Caley Conway, Bats, Maximiano, Long Mama, King Courteen, The Nunnery, Dosh, Luke Callen, Maximiano, Johanna Rose, Ellie Jackson, Bitch Creek",2024-03-31,"Barely Civil, Magazine Beach, Overhand, Known Moons",Cactus Club,"Milwaukee, Wisconsin, United States"
2024-04-20,4.0,Friko,Liliput Records,"Milwaukee, Wisconsin, United States",5.0,0.0,Record Store Day,120.0,0.0,5.3,16.0,43.0,"Where we've been, Where we go from here",2024-02-16,Top 5,64 day(s),"Liliput Records, Milwaukee, Wisconsin, United States","1669 N Farwell Ave, Milwaukee, WI 53202",43.0527527,-87.8929397,Friko,2024-04-20,Friko,Liliput Records,"Milwaukee, Wisconsin, United States"
2024-08-02,5.0,"J.E. Sunde, Caley Conway",Cactus Club,"Milwaukee, Wisconsin, United States",5.0,1.0,,150.0,1.0,9.5,15.0,86.0,,,,,"Cactus Club, Milwaukee, Wisconsin, United States","2505 S Wentworth Ave, Milwaukee, WI 53207",42.9990303,-87.890202,"Willi Carlisle, Golden Shoals, Barely Civil, Overhand, Known Moons, Magazine Beach, Katy Kirby, Mei Semones, Maximiano, J.E. Sunde, Caley Conway, Bats, Maximiano, Long Mama, King Courteen, The Nunnery, Dosh, Luke Callen, Maximiano, Johanna Rose, Ellie Jackson, Bitch Creek",2024-08-02,"J.E. Sunde, Caley Conway",Cactus Club,"Milwaukee, Wisconsin, United States"
2024-07-05,6.0,Local Natives,Summerfest,"Milwaukee, Wisconsin, United States",5.0,1.0,,10000.0,0.0,7.1,11.0,303.0,Time Will Wait For No One,2023-07-07,Top 50,364 day(s),"Summerfest, Milwaukee, Wisconsin, United States","200 N Harbor Dr, Milwaukee, WI 53202",43.0310609,-87.8995157,"Charlotte Cardin, Taylor Bennett, Brigitte Calls Me Baby, grouptherapy., Say She She, Wave Chapelle, Ellie Jackson, Reyna, Local Natives, Amy Grant",06/21/2024,Local Natives,Summerfest,"Milwaukee, Wisconsin, United States"
2024-11-09,7.0,"Haley Heynderickx, Lily Breshears",Vivarium,"Milwaukee, Wisconsin, United States",5.0,0.0,Street Team,450.0,0.0,5.5,16.0,134.0,Seed of a Seed,2024-11-01,Top 25,8 day(s),"Vivarium, Milwaukee, Wisconsin, United States","1842 N Farwell Ave, Milwaukee, WI 53202",43.0543036,-87.8905826,"Wave Chapelle, ADORNER, Molly Grace, The Wonderlands (US), Diet Lite, Motel Breakfast, Ladybird, Sun June, Wild Pink, Sinai Vessel, Real Estate, Marina Allen, Durry, Lunar Moth, Reyna, Vic and Gab, Eliza Hanson, Maggie Rose, Dessa, Wave Chapelle, Kaitlin Butts, Angel White, Marika Hackman, Art School Girlfriend, Haley Heynderickx, Lily Breshears",2024-11-09,"Haley Heynderickx, Lily Breshears",Vivarium,"Milwaukee, Wisconsin, United States"
2024-09-07,8.0,"Maximiano, Long Mama, King Courteen",Cactus Club,"Milwaukee, Wisconsin, United States",5.0,1.0,,150.0,1.0,9.5,15.0,45.0,The Real Truth,2024-09-07,Top 25,0 day(s),"Cactus Club, Milwaukee, Wisconsin, United States","2508 S Wentworth Ave, Milwaukee, WI 53207",42.9990303,-87.890202,"Willi Carlisle, Golden Shoals, Barely Civil, Overhand, Known Moons, Magazine Beach, Katy Kirby, Mei Semones, Maximiano, J.E. Sunde, Caley Conway, Bats, Maximiano, Long Mama, King Courteen, The Nunnery, Dosh, Luke Callen, Maximiano, Johanna Rose, Ellie Jackson, Bitch Creek",2024-09-07,"Maximiano, Long Mama, King Courteen",Cactus Club,"Milwaukee, Wisconsin, United States"
2024-04-05,9.0,"The Last Dinner Party, Miss Grit",Turner Hall Ballroom,"Milwaukee, Wisconsin, United States",4.5,0.0,88nine Call-in,987.0,0.0,4.5,13.0,235.0,Prelude to Ecstasy,2024-02-02,Top 50,63 day(s),"Turner Hall Ballroom, Milwaukee, Wisconsin, United States","1042 N Vel R. Phillips Ave, Milwaukee, WI 53203",43.0379086,-87.9160468,"Briston Maroney, Phoebe Go, The Last Dinner Party, Miss Grit, The Mountain Goats, Katy Kirby, Saint Motel, Gibbz, Belle and Sebastian, Haley Henderickx",2024-04-05,"The Last Dinner Party, Miss Grit",Turner Hall Ballroom,"Milwaukee, Wisconsin, United States"
2024-09-14,10.0,"Charly Bliss, Raffaella",X-Ray Arcade,"Cudahy, Wisconsin, United States",4.5,1.0,,275.0,1.0,13.8,21.0,6.0,,,,,"X-Ray Arcade, Cudahy, Wisconsin, United States","5036 S Packard Ave, Cudahy, WI 53110",42.9529484,-87.859709,"Charlie Bliss, Raffaella",2024-09-14,"Charlie Bliss, Raffaella",X-Ray Arcade,"Cudahy, Wisconsin, United States"
2024-03-16,11.0,"Grouplove, Bully",Riviera Theatre,"Chicago, Illinois, United States",4.5,1.0,,2500.0,0.0,91.5,94.0,370.0,,,,,"Riviera Theatre, Chicago, Illinois, United States","4746 N Racine Ave, Chicago, IL 60640",41.9685593,-87.659926,"Grouplove, Bully",2024-03-16,"Grouplove, Bully",Riviera Theatre,"Chicago, Illinois, United States"
2024-04-22,12.0,"Alvvays, Spllit",Pabst Theater,"Milwaukee, Wisconsin, United States",4.5,1.0,,1279.0,0.0,4.9,14.0,169.0,,,,,"Pabst Theater, Milwaukee, Wisconsin, United States","145 E Wells St, Milwaukee, WI 53202",43.0411402,-87.9104618,"Cat Power, Alvvays, Spllit, Iron & Wine, Ken Pomeroy, Horseshoes & Hand Grenades, Ladybird",2024-04-22,"Alvvays, Spllit",Pabst Theater,"Milwaukee, Wisconsin, United States"
2024-05-07,13.0,"Belle and Sebastian, Haley Henderickx",Turner Hall Ballroom,"Milwaukee, Wisconsin, United States",4.5,0.0,Street Team,987.0,0.0,4.5,13.0,238.0,Late Developers,2023-01-13,Top 50,480 day(s),"Turner Hall Ballroom, Milwaukee, Wisconsin, United States","1048 N Vel R. Phillips Ave, Milwaukee, WI 53203",43.0379086,-87.9160468,"Briston Maroney, Phoebe Go, The Last Dinner Party, Miss Grit, The Mountain Goats, Katy Kirby, Saint Motel, Gibbz, Belle and Sebastian, Haley Henderickx",2024-05-07,"Belle and Sebastian, Haley Henderickx",Turner Hall Ballroom,"Milwaukee, Wisconsin, United States"
2024-08-23,14.0,Maggie Rose,Vivarium,"Milwaukee, Wisconsin, United States",4.5,0.0,Street Team,450.0,0.0,5.5,16.0,34.0,No One Gets Out Alive,2024-04-05,Top 25,140 day(s),"Vivarium, Milwaukee, Wisconsin, United States","1835 N Farwell Ave, Milwaukee, WI 53202",43.0543036,-87.8905826,"Wave Chapelle, ADORNER, Molly Grace, The Wonderlands (US), Diet Lite, Motel Breakfast, Ladybird, Sun June, Wild Pink, Sinai Vessel, Real Estate, Marina Allen, Durry, Lunar Moth, Reyna, Vic and Gab, Eliza Hanson, Maggie Rose, Dessa, Wave Chapelle, Kaitlin Butts, Angel White, Marika Hackman, Art School Girlfriend, Haley Heynderickx, Lily Breshears",2024-08-23,Maggie Rose,Vivarium,"Milwaukee, Wisconsin, United States"
2024-11-02,15.0,"The Menzingers, Direct Hit!, Holy Pinto",The Rave,"Milwaukee, Wisconsin, United States",4.5,0.0,Rave Contest,1000.0,1.0,4.9,10.0,47.0,Some Of It Was True,2023-10-13,Top 50,386 day(s),"The Rave, Milwaukee, Wisconsin, United States","2406 W Wisconsin Ave, Milwaukee, WI 53233",43.0379219,-87.9433191,"Meg Myers, Silversun Pickups, Speedy Ortiz, Arlo Parks, Social Cig, The Menzingers, Direct Hit!, Holy Pinto",2024-11-02,"The Menzingers, Direct Hit!, Holy Pinto",The Rave,"Milwaukee, Wisconsin, United States"
2024-04-27,16.0,"Sierra Ferrell, Cat Clyde",The Riverside Theater,"Milwaukee, Wisconsin, United States",4.5,0.0,Street Team,2450.0,0.0,5.5,12.0,153.0,Trail Of Flowers,2024-03-22,Top 25,36 day(s),"The Riverside Theater, Milwaukee, Wisconsin, United States","116 W Wisconsin Ave, Milwaukee, WI 53203",43.0388947,-87.9109327,"Sierra Ferrell, Cat Clyde, Wilco, Cut Worms, Modest Mouse, The Black Heart Procession",2024-04-27,"Sierra Ferrell, Cat Clyde",The Riverside Theater,"Milwaukee, Wisconsin, United States"
2024-04-10,17.0,"The Mountain Goats, Katy Kirby",Turner Hall Ballroom,"Milwaukee, Wisconsin, United States",4.5,0.0,Street Team,987.0,0.0,4.5,13.0,456.0,Blue Raspberry (Deluxe),2024-07-12,Top 50,,"Turner Hall Ballroom, Milwaukee, Wisconsin, United States","1044 N Vel R. Phillips Ave, Milwaukee, WI 53203",43.0379086,-87.9160468,"Briston Maroney, Phoebe Go, The Last Dinner Party, Miss Grit, The Mountain Goats, Katy Kirby, Saint Motel, Gibbz, Belle and Sebastian, Haley Henderickx",2024-04-10,"The Mountain Goats, Katy Kirby",Turner Hall Ballroom,"Milwaukee, Wisconsin, United States"
2024-08-21,18.0,Talib Kweli,"Peck Pavilion, Marcus Center for the Performing Arts","Milwaukee, Wisconsin, United States",4.5,0.0,Summer of Soul,396.0,0.0,4.8,14.0,0.0,,,,,"Peck Pavilion, Marcus Center for the Performing Arts, Milwaukee, Wisconsin, United States","929 N Water St, Milwaukee, WI 53202",43.0430253,-87.9112274,Talib Kweli,2024-08-21,Talib Kweli,"Peck Pavilion, Marcus Center for the Performing Arts","Milwaukee, Wisconsin, United States"
2024-06-14,19.0,"Iron & Wine, Ken Pomeroy",Pabst Theater,"Milwaukee, Wisconsin, United States",4.5,0.0,Street Team,1279.0,0.0,4.9,14.0,40.0,,,,,"Pabst Theater, Milwaukee, Wisconsin, United States","147 E Wells St, Milwaukee, WI 53202",43.0411402,-87.9104618,"Cat Power, Alvvays, Spllit, Iron & Wine, Ken Pomeroy, Horseshoes & Hand Grenades, Ladybird",2024-06-14,"Iron & Wine, Ken Pomeroy",Pabst Theater,"Milwaukee, Wisconsin, United States"
2024-06-27,20.0,"Brigitte Calls Me Baby, grouptherapy. ",Summerfest,"Milwaukee, Wisconsin, United States",4.5,0.0,Street Team,10000.0,0.0,7.1,11.0,8.0,The Future Is Our Way Out,2024-08-02,Top 50,,"Summerfest, Milwaukee, Wisconsin, United States","200 North Harbor Drive, Milwaukee, Wisconsin 53202",43.0310609,-87.8995157,"Charlotte Cardin, Taylor Bennett, Brigitte Calls Me Baby, grouptherapy., Say She She, Wave Chapelle, Ellie Jackson, Reyna, Local Natives, Amy Grant",06/21/2024,,,
2024-08-07,21.0,Bats,Cactus Club,"Milwaukee, Wisconsin, United States",4.5,1.0,,150.0,0.0,9.5,15.0,59.0,Good Game Baby,2024-03-01,Top 10,159 day(s),"Cactus Club, Milwaukee, Wisconsin, United States","2507 S Wentworth Ave, Milwaukee, WI 53207",42.9990303,-87.890202,"Willi Carlisle, Golden Shoals, Barely Civil, Overhand, Known Moons, Magazine Beach, Katy Kirby, Mei Semones, Maximiano, J.E. Sunde, Caley Conway, Bats, Maximiano, Long Mama, King Courteen, The Nunnery, Dosh, Luke Callen, Maximiano, Johanna Rose, Ellie Jackson, Bitch Creek",2024-08-07,Bats,Cactus Club,"Milwaukee, Wisconsin, United States"
2024-08-17,22.0,"Reyna, Vic and Gab, Eliza Hanson",Vivarium,"Milwaukee, Wisconsin, United States",4.5,0.0,Street Team,450.0,1.0,5.5,16.0,9.0,,,,,"Vivarium, Milwaukee, Wisconsin, United States","1832 N Farwell Ave, Milwaukee, WI 53202",43.0543036,-87.8905826,"Wave Chapelle, ADORNER, Molly Grace, The Wonderlands (US), Diet Lite, Motel Breakfast, Ladybird, Sun June, Wild Pink, Sinai Vessel, Real Estate, Marina Allen, Durry, Lunar Moth, Reyna, Vic and Gab, Eliza Hanson, Maggie Rose, Dessa, Wave Chapelle, Kaitlin Butts, Angel White, Marika Hackman, Art School Girlfriend, Haley Heynderickx, Lily Breshears",2024-08-17,"Reyna, Vic and Gab, Eliza Hanson",Vivarium,"Milwaukee, Wisconsin, United States"
2024-09-20,23.0,"Dessa, Wave Chapelle",Vivarium,"Milwaukee, Wisconsin, United States",4.5,0.0,Street Team,450.0,1.0,5.5,16.0,488.0,Can't Stop Won't Stop,2023-05-05,Top 100,504 day(s),"Vivarium, Milwaukee, Wisconsin, United States","1836 N Farwell Ave, Milwaukee, WI 53202",43.0543036,-87.8905826,"Wave Chapelle, ADORNER, Molly Grace, The Wonderlands (US), Diet Lite, Motel Breakfast, Ladybird, Sun June, Wild Pink, Sinai Vessel, Real Estate, Marina Allen, Durry, Lunar Moth, Reyna, Vic and Gab, Eliza Hanson, Maggie Rose, Dessa, Wave Chapelle, Kaitlin Butts, Angel White, Marika Hackman, Art School Girlfriend, Haley Heynderickx, Lily Breshears",2024-09-20,"Dessa, Wave Chapelle",Vivarium,"Milwaukee, Wisconsin, United States"
2024-09-29,24.0,"Kaitlin Butts, Angel White",Vivarium,"Milwaukee, Wisconsin, United States",4.5,0.0,Street Team,450.0,0.0,5.5,16.0,89.0,Roadrunner!,2024-06-28,Top 50,93 day(s),"Vivarium, Milwaukee, Wisconsin, United States","1838 N Farwell Ave, Milwaukee, WI 53202",43.0543036,-87.8905826,"Wave Chapelle, ADORNER, Molly Grace, The Wonderlands (US), Diet Lite, Motel Breakfast, Ladybird, Sun June, Wild Pink, Sinai Vessel, Real Estate, Marina Allen, Durry, Lunar Moth, Reyna, Vic and Gab, Eliza Hanson, Maggie Rose, Dessa, Wave Chapelle, Kaitlin Butts, Angel White, Marika Hackman, Art School Girlfriend, Haley Heynderickx, Lily Breshears",2024-09-29,"Kaitlin Butts, Angel White",Vivarium,"Milwaukee, Wisconsin, United States"
2024-03-07,25.0,"Max Niemann and the Fellow Traveles, Jacob Slade, Holy Pinto",Linneman's Riverwest Inn,"Milwaukee, Wisconsin, United States",4.5,1.0,,160.0,1.0,4.2,12.0,136.0,Soft Spoken,2023-10-13,Top 25,146 day(s),"Linneman's Riverwest Inn, Milwaukee, Wisconsin, United States","1001 E Locust St, Milwaukee, WI 53212",43.0710064,-87.8989484,"Max Niemann and the Fellow Traveles, Jacob Slade, Holy Pinto",2024-03-07,"Max Niemann and the Fellow Traveles, Jacob Slade, Holy Pinto",Linneman's Riverwest Inn,"Milwaukee, Wisconsin, United States"
2024-12-26,26.0,"Johanna Rose, Ellie Jackson, Bitch Creek",Cactus Club,"Milwaukee, Wisconsin, United States",4.5,1.0,,150.0,1.0,9.5,15.0,16.0,,,,,"Cactus Club, Milwaukee, Wisconsin, United States","2516 S Wentworth Ave, Milwaukee, WI 53207",42.9990303,-87.890202,"Willi Carlisle, Golden Shoals, Barely Civil, Overhand, Known Moons, Magazine Beach, Katy Kirby, Mei Semones, Maximiano, J.E. Sunde, Caley Conway, Bats, Maximiano, Long Mama, King Courteen, The Nunnery, Dosh, Luke Callen, Maximiano, Johanna Rose, Ellie Jackson, Bitch Creek",2024-12-26,"Johanna Rose, Ellie Jackson, Bitch Creek",Cactus Club,"Milwaukee, Wisconsin, United States"
2024-10-04,27.0,"Marika Hackman, Art School Girlfriend",Vivarium,"Milwaukee, Wisconsin, United States",4.0,0.0,Street Team,450.0,0.0,5.5,16.0,340.0,Big Sigh,2024-01-12,Top 25,266 day(s),"Vivarium, Milwaukee, Wisconsin, United States","1840 N Farwell Ave, Milwaukee, WI 53202",43.0543036,-87.8905826,"Wave Chapelle, ADORNER, Molly Grace, The Wonderlands (US), Diet Lite, Motel Breakfast, Ladybird, Sun June, Wild Pink, Sinai Vessel, Real Estate, Marina Allen, Durry, Lunar Moth, Reyna, Vic and Gab, Eliza Hanson, Maggie Rose, Dessa, Wave Chapelle, Kaitlin Butts, Angel White, Marika Hackman, Art School Girlfriend, Haley Heynderickx, Lily Breshears",2024-10-04,"Marika Hackman, Art School Girlfriend",Vivarium,"Milwaukee, Wisconsin, United States"
2024-02-03,28.0,"Wave Chapelle, Dak Dubois, Scam Likely, Sleepy Groucho",88Nine Radio Milwaukee Studios,"Milwaukee, Wisconsin, United States",4.0,1.0,,100.0,1.0,7.3,13.0,465.0,Can't Stop Won't Stop,2023-05-05,Top 100,274 day(s),"88Nine Radio Milwaukee Studios, Milwaukee, Wisconsin, United States","220 E Pittsburgh Ave, Milwaukee, WI 53204",43.0296831,-87.9093341,"Wave Chapelle, Dak Dubois, Scam Likely, Sleepy Groucho, eliza mclamb, Ra Ra Riot, Yard Act",2024-02-03,"Wave Chapelle, Dak Dubois, Scam Likely, Sleepy Groucho",88Nine Radio Milwaukee Studios,"Milwaukee, Wisconsin, United States"
2024-06-12,29.0,"Wilco, Cut Worms",The Riverside Theater,"Milwaukee, Wisconsin, United States",4.0,0.0,Street Team,2450.0,0.0,5.5,12.0,124.0,,,,,"The Riverside Theater, Milwaukee, Wisconsin, United States","118 W Wisconsin Ave, Milwaukee, WI 53203",43.0388947,-87.9109327,"Sierra Ferrell, Cat Clyde, Wilco, Cut Worms, Modest Mouse, The Black Heart Procession",2024-06-12,"Wilco, Cut Worms",The Riverside Theater,"Milwaukee, Wisconsin, United States"
2024-03-27,30.0,"Sun June, Wild Pink, Sinai Vessel",Vivarium,"Milwaukee, Wisconsin, United States",4.0,0.0,Street Team,450.0,0.0,5.5,16.0,271.0,Dulling The Horns,2024-10-04,Top 50,,"Vivarium, Milwaukee, Wisconsin, United States","1825 N Farwell Ave, Milwaukee, WI 53202",43.0543036,-87.8905826,"Wave Chapelle, ADORNER, Molly Grace, The Wonderlands (US), Diet Lite, Motel Breakfast, Ladybird, Sun June, Wild Pink, Sinai Vessel, Real Estate, Marina Allen, Durry, Lunar Moth, Reyna, Vic and Gab, Eliza Hanson, Maggie Rose, Dessa, Wave Chapelle, Kaitlin Butts, Angel White, Marika Hackman, Art School Girlfriend, Haley Heynderickx, Lily Breshears",2024-03-27,"Sun June, Wild Pink, Sinai Vessel",Vivarium,"Milwaukee, Wisconsin, United States"
2024-05-01,31.0,"Durry, Lunar Moth",Vivarium,"Milwaukee, Wisconsin, United States",4.0,0.0,Street Team,450.0,0.0,5.5,16.0,24.0,,,,,"Vivarium, Milwaukee, Wisconsin, United States","1830 N Farwell Ave, Milwaukee, WI 53202",43.0543036,-87.8905826,"Wave Chapelle, ADORNER, Molly Grace, The Wonderlands (US), Diet Lite, Motel Breakfast, Ladybird, Sun June, Wild Pink, Sinai Vessel, Real Estate, Marina Allen, Durry, Lunar Moth, Reyna, Vic and Gab, Eliza Hanson, Maggie Rose, Dessa, Wave Chapelle, Kaitlin Butts, Angel White, Marika Hackman, Art School Girlfriend, Haley Heynderickx, Lily Breshears",2024-05-01,"Durry, Lunar Moth",Vivarium,"Milwaukee, Wisconsin, United States"
2024-04-06,32.0,We Are the Willows,Paradigm Coffee,"Sheboygan, Wisconsin, United States",4.0,1.0,,90.0,0.0,56.8,60.0,254.0,,,,,"Paradigm Coffee, Sheboygan, Wisconsin, United States","1202 N 8th St, Sheboygan, WI 53081",43.7575813,-87.7130539,We Are the Willows,2024-04-06,We Are the Willows,Paradigm Coffee,"Sheboygan, Wisconsin, United States"
2024-02-22,33.0,"Molly Grace, The Wonderlands (US)",Vivarium,"Milwaukee, Wisconsin, United States",4.0,0.0,Street Team,450.0,0.0,5.5,16.0,30.0,,,,,"Vivarium, Milwaukee, Wisconsin, United States","1820 N Farwell Ave, Milwaukee, WI 53202",43.0543036,-87.8905826,"Wave Chapelle, ADORNER, Molly Grace, The Wonderlands (US), Diet Lite, Motel Breakfast, Ladybird, Sun June, Wild Pink, Sinai Vessel, Real Estate, Marina Allen, Durry, Lunar Moth, Reyna, Vic and Gab, Eliza Hanson, Maggie Rose, Dessa, Wave Chapelle, Kaitlin Butts, Angel White, Marika Hackman, Art School Girlfriend, Haley Heynderickx, Lily Breshears",2024-02-22,"Molly Grace, The Wonderlands (US)",Vivarium,"Milwaukee, Wisconsin, United States"
2024-06-21,34.0,"Charlotte Cardin, Taylor Bennett",Summerfest,"Milwaukee, Wisconsin, United States",4.0,0.0,Summerfest Promo,10000.0,0.0,7.1,11.0,51.0,99 Nights,2023-08-25,Top 25,301 day(s),"Summerfest Grounds at Henry Maier Festival Park, Milwaukee, Wisconsin, United States","200 N Harbor Dr, Milwaukee, WI 53202",43.0310609,-87.8995157,"Charlotte Cardin, Taylor Bennett, Brigitte Calls Me Baby, grouptherapy., Say She She, Wave Chapelle, Ellie Jackson, Reyna, Local Natives, Amy Grant",06/21/2024,,,
2024-07-04,35.0,"Wave Chapelle, Ellie Jackson, Reyna, Say She She",Summerfest,"Milwaukee, Wisconsin, United States",4.0,0.0,Summerfest Promo,10000.0,1.0,7.1,11.0,496.0,Can't Stop Won't Stop,2023-05-05,Top 100,426 day(s),"Summerfest Grounds at Henry Maier Festival Park, Milwaukee, Wisconsin, United States","200 N Harbor Dr, Milwaukee, WI 53202",43.0310609,-87.8995157,"Charlotte Cardin, Taylor Bennett, Brigitte Calls Me Baby, grouptherapy., Say She She, Wave Chapelle, Ellie Jackson, Reyna, Local Natives, Amy Grant",06/21/2024,,,
2024-06-13,36.0,Gregory Allen Isakov,Miller High Life Theatre,"Milwaukee, Wisconsin, United States",4.0,0.0,Street Team,4086.0,0.0,4.5,13.0,26.0,,,,,"Miller High Life Theatre, Milwaukee, Wisconsin, United States","500 W Kilbourn Ave, Milwaukee, WI 53203",43.0422794,-87.9181594,Gregory Allen Isakov,2024-06-13,Gregory Allen Isakov,Miller High Life Theatre,"Milwaukee, Wisconsin, United States"
2024-07-06,37.0,Amy Grant,Summerfest,"Milwaukee, Wisconsin, United States",4.0,0.0,Summerfest Promo,10000.0,0.0,7.1,11.0,12.0,,,,,"Summerfest, Milwaukee, Wisconsin, United States","200 N Harbor Dr, Milwaukee, WI 53202",43.0310609,-87.8995157,"Charlotte Cardin, Taylor Bennett, Brigitte Calls Me Baby, grouptherapy., Say She She, Wave Chapelle, Ellie Jackson, Reyna, Local Natives, Amy Grant",06/21/2024,"Chase Rice, Amy Grant, Extreme, BoDeans, Sister Hazel, Living Colour, Cracker, Uprooted Feat. Michael Glabicki, Anne Wilson, Ashland Craft, Seaforth, Giacomo Turra, Tim Montana, Josh Morgan, Me Like Bees, Cold War Kids, Fillmore East",Summerfest,"Milwaukee, Wisconsin, United States"
2024-10-11,38.0,"Horseshoes & Hand Grenades, Ladybird",Pabst Theater,"Milwaukee, Wisconsin, United States",4.0,0.0,Street Team,1279.0,1.0,4.9,14.0,16.0,Amy Come on Home,2024-05-17,Top 100,147 day(s),"Pabst Theater, Milwaukee, Wisconsin, United States","149 E Wells St, Milwaukee, WI 53202",43.0411402,-87.9104618,"Cat Power, Alvvays, Spllit, Iron & Wine, Ken Pomeroy, Horseshoes & Hand Grenades, Ladybird",2024-10-11,"Horseshoes & Hand Grenades, Ladybird",Pabst Theater,"Milwaukee, Wisconsin, United States"
2024-11-13,39.0,"Modest Mouse, The Black Heart Procession",The Riverside Theater,"Milwaukee, Wisconsin, United States",4.0,0.0,Street Team,2450.0,0.0,5.5,12.0,89.0,,,,,"The Riverside Theater, Milwaukee, Wisconsin, United States","120 W Wisconsin Ave, Milwaukee, WI 53203",43.0388947,-87.9109327,"Sierra Ferrell, Cat Clyde, Wilco, Cut Worms, Modest Mouse, The Black Heart Procession",2024-11-13,"Modest Mouse, The Black Heart Procession",The Riverside Theater,"Milwaukee, Wisconsin, United States"
2024-10-04,40.0,Yard Act,88Nine Radio Milwaukee Studios,"Milwaukee, Wisconsin, United States",4.0,0.0,88nine Member,100.0,0.0,7.3,13.0,71.0,Where’s My Utopia?,2024-03-01,Top 100,217 day(s),"88Nine Radio Milwaukee Studios, Milwaukee, Wisconsin, United States","226 E Pittsburgh Ave, Milwaukee, WI 53204",43.0296831,-87.9093341,"Wave Chapelle, Dak Dubois, Scam Likely, Sleepy Groucho, eliza mclamb, Ra Ra Riot, Yard Act",2024-10-04,Yard Act,88Nine Radio Milwaukee Studios,"Milwaukee, Wisconsin, United States"
2024-04-05,41.0,eliza mclamb,88Nine Radio Milwaukee Studios,"Milwaukee, Wisconsin, United States",4.0,0.0,88nine Member,100.0,0.0,7.3,13.0,18.0,,,,,"88Nine Radio Milwaukee Studios, Milwaukee, Wisconsin, United States","224 E Pittsburgh Ave, Milwaukee, WI 53204",43.0296831,-87.9093341,"Wave Chapelle, Dak Dubois, Scam Likely, Sleepy Groucho, eliza mclamb, Ra Ra Riot, Yard Act",2024-04-05,eliza mclamb,88Nine Radio Milwaukee Studios,"Milwaukee, Wisconsin, United States"
2024-06-03,42.0,"Camera Obscura, Photo Ops",Thalia Hall,"Chicago, Illinois, United States",3.5,1.0,,800.0,0.0,97.7,94.0,103.0,,,,,"Thalia Hall, Chicago, Illinois, United States","1807 S Allport St, Chicago, IL 60608",41.857716,-87.6575332,"Camera Obscura, Photo Ops",2024-06-03,"Camera Obscura, Photo Ops",Thalia Hall,"Chicago, Illinois, United States"
2024-02-12,43.0,"Briston Maroney, Phoebe Go",Turner Hall Ballroom,"Milwaukee, Wisconsin, United States",3.5,0.0,Street Team,987.0,0.0,4.5,13.0,93.0,Sunflower,2021-04-09,Top 50,1039 day(s),"Turner Hall Ballroom, Milwaukee, Wisconsin, United States","1040 N Vel R. Phillips Ave, Milwaukee, WI 53203",43.0379086,-87.9160468,"Briston Maroney, Phoebe Go, The Last Dinner Party, Miss Grit, The Mountain Goats, Katy Kirby, Saint Motel, Gibbz, Belle and Sebastian, Haley Henderickx",2024-02-12,"Briston Maroney, Phoebe Go",Turner Hall Ballroom,"Milwaukee, Wisconsin, United States"
2024-04-08,44.0,"Real Estate, Marina Allen",Vivarium,"Milwaukee, Wisconsin, United States",3.5,0.0,Street Team,450.0,0.0,5.5,16.0,71.0,,,,,"Vivarium, Milwaukee, Wisconsin, United States","1828 N Farwell Ave, Milwaukee, WI 53202",43.0543036,-87.8905826,"Wave Chapelle, ADORNER, Molly Grace, The Wonderlands (US), Diet Lite, Motel Breakfast, Ladybird, Sun June, Wild Pink, Sinai Vessel, Real Estate, Marina Allen, Durry, Lunar Moth, Reyna, Vic and Gab, Eliza Hanson, Maggie Rose, Dessa, Wave Chapelle, Kaitlin Butts, Angel White, Marika Hackman, Art School Girlfriend, Haley Heynderickx, Lily Breshears",2024-04-08,"Real Estate, Marina Allen",Vivarium,"Milwaukee, Wisconsin, United States"
2024-03-01,45.0,"Diet Lite, Motel Breakfast, Ladybird",Vivarium,"Milwaukee, Wisconsin, United States",3.5,0.0,Street Team,450.0,1.0,5.5,16.0,35.0,Amy Come on Home,2024-05-17,Top 100,,"Vivarium, Milwaukee, Wisconsin, United States","1822 N Farwell Ave, Milwaukee, WI 53202",43.0543036,-87.8905826,"Wave Chapelle, ADORNER, Molly Grace, The Wonderlands (US), Diet Lite, Motel Breakfast, Ladybird, Sun June, Wild Pink, Sinai Vessel, Real Estate, Marina Allen, Durry, Lunar Moth, Reyna, Vic and Gab, Eliza Hanson, Maggie Rose, Dessa, Wave Chapelle, Kaitlin Butts, Angel White, Marika Hackman, Art School Girlfriend, Haley Heynderickx, Lily Breshears",2024-03-01,"Diet Lite, Motel Breakfast, Ladybird",Vivarium,"Milwaukee, Wisconsin, United States"
2024-09-04,46.0,"Silversun Pickups, Speedy Ortiz",The Rave,"Milwaukee, Wisconsin, United States",3.5,0.0,Rave Contest,100.0,0.0,4.9,10.0,60.0,,,,,"The Rave, Milwaukee, Wisconsin, United States","2402 W Wisconsin Ave, Milwaukee, WI 53233",43.0379219,-87.9433191,"Meg Myers, Silversun Pickups, Speedy Ortiz, Arlo Parks, Social Cig, The Menzingers, Direct Hit!, Holy Pinto",,,,
2024-02-20,47.0,"Wave Chapelle, ADORNER",Vivarium,"Milwaukee, Wisconsin, United States",3.5,0.0,Street Team,450.0,1.0,5.5,16.0,464.0,Can't Stop Won't Stop,2023-05-05,Top 100,291 day(s),"Vivarium, Milwaukee, Wisconsin, United States","1818 N Farwell Ave, Milwaukee, WI 53202",43.0543036,-87.8905826,"Wave Chapelle, ADORNER, Molly Grace, The Wonderlands (US), Diet Lite, Motel Breakfast, Ladybird, Sun June, Wild Pink, Sinai Vessel, Real Estate, Marina Allen, Durry, Lunar Moth, Reyna, Vic and Gab, Eliza Hanson, Maggie Rose, Dessa, Wave Chapelle, Kaitlin Butts, Angel White, Marika Hackman, Art School Girlfriend, Haley Heynderickx, Lily Breshears",2024-02-20,"Wave Chapelle, ADORNER",Vivarium,"Milwaukee, Wisconsin, United States"
2024-07-31,48.0,Max Niemann and the Fellow Traveles,Humboldt Park,"Milwaukee, Wisconsin, United States",3.5,0.0,Public Park,100.0,1.0,11.1,17.0,23.0,,,,,"Humboldt Park, Milwaukee, Wisconsin, United States","3000 S Howell Ave, Milwaukee, WI 53207",42.9898649,-87.9035086,Max Niemann and the Fellow Traveles,2024-07-31,Max Niemann and the Fellow Traveles,Humboldt Park,"Milwaukee, Wisconsin, United States"
2024-08-01,49.0,Ra Ra Riot,88Nine Radio Milwaukee Studios,"Milwaukee, Wisconsin, United States",3.5,0.0,88nine Member,100.0,0.0,7.3,13.0,26.0,,,,,"88Nine Radio Milwaukee Studios, Milwaukee, Wisconsin, United States","225 E Pittsburgh Ave, Milwaukee, WI 53204",43.0296831,-87.9093341,"Wave Chapelle, Dak Dubois, Scam Likely, Sleepy Groucho, eliza mclamb, Ra Ra Riot, Yard Act",2024-08-01,Ra Ra Riot,88Nine Radio Milwaukee Studios,"Milwaukee, Wisconsin, United States"
2024-02-09,50.0,"Abraham Alexander, Black Violin",Marcus Center for the Performing Arts,"Milwaukee, Wisconsin, United States",3.5,0.0,Ushered,2125.0,0.0,4.8,14.0,0.0,,,,,"Marcus Center for the Performing Arts, Milwaukee, Wisconsin, United States","930 N Water St, Milwaukee, WI 53202",43.0426556,-87.9104279,"Abraham Alexander, Black Violin",2024-02-09,"Abraham Alexander, Black Violin",Marcus Center for the Performing Arts,"Milwaukee, Wisconsin, United States"
2024-10-18,51.0,Jacob Slade,Riverwalk Commons,"Milwaukee, Wisconsin, United States",3.5,0.0,Public Park,100.0,1.0,6.4,12.0,121.0,Soft Spoken,2023-10-13,Top 25,371 day(s),"Riverwalk Commons, Milwaukee, Wisconsin, United States","423 N Water St, Milwaukee, WI 53202",43.0353403,-87.9089112,Jacob Slade,2024-10-18,Jacob Slade,Riverwalk Commons,"Milwaukee, Wisconsin, United States"
2024-03-02,52.0,Cat Power,Pabst Theater,"Milwaukee, Wisconsin, United States",3.0,0.0,Street Team,1279.0,0.0,4.9,14.0,64.0,,,,,"Pabst Theater, Milwaukee, Wisconsin, United States","144 E Wells St, Milwaukee, WI 53202",43.0411402,-87.9104618,"Cat Power, Alvvays, Spllit, Iron & Wine, Ken Pomeroy, Horseshoes & Hand Grenades, Ladybird",2024-03-02,Cat Power,Pabst Theater,"Milwaukee, Wisconsin, United States"
2024-04-20,53.0,"Saint Motel, Gibbz",Turner Hall Ballroom,"Milwaukee, Wisconsin, United States",3.0,1.0,,987.0,0.0,4.5,13.0,216.0,The Original Motion Picture Soundtrack,2021-06-25,Top 50,1030 day(s),"Turner Hall Ballroom, Milwaukee, Wisconsin, United States","1046 N Vel R. Phillips Ave, Milwaukee, WI 53203",43.0379086,-87.9160468,"Briston Maroney, Phoebe Go, The Last Dinner Party, Miss Grit, The Mountain Goats, Katy Kirby, Saint Motel, Gibbz, Belle and Sebastian, Haley Henderickx",2024-04-20,"Saint Motel, Gibbz",Turner Hall Ballroom,"Milwaukee, Wisconsin, United States"
2024-08-01,54.0,"Katy Kirby, Mei Semones, Maximiano",Cactus Club,"Milwaukee, Wisconsin, United States",3.0,1.0,,150.0,1.0,9.5,15.0,440.0,Blue Raspberry (Deluxe),2024-07-12,Top 50,20 day(s),"Cactus Club, Milwaukee, Wisconsin, United States","2502 S Wentworth Ave, Milwaukee, WI 53207",42.9990303,-87.890202,"Willi Carlisle, Golden Shoals, Barely Civil, Overhand, Known Moons, Magazine Beach, Katy Kirby, Mei Semones, Maximiano, J.E. Sunde, Caley Conway, Bats, Maximiano, Long Mama, King Courteen, The Nunnery, Dosh, Luke Callen, Maximiano, Johanna Rose, Ellie Jackson, Bitch Creek",2024-08-01,"Katy Kirby, Mei Semones, Maximiano",Cactus Club,"Milwaukee, Wisconsin, United States"
2024-09-17,55.0,"Arlo Parks, Social Cig",The Rave,"Milwaukee, Wisconsin, United States",3.0,0.0,Rave Contest,100.0,0.0,4.9,10.0,166.0,Collapsed In Sunbeams,2021-01-29,Top 25,1327 day(s),"The Rave, Milwaukee, Wisconsin, United States","2404 W Wisconsin Ave, Milwaukee, WI 53233",43.0379219,-87.9433191,"Meg Myers, Silversun Pickups, Speedy Ortiz, Arlo Parks, Social Cig, The Menzingers, Direct Hit!, Holy Pinto",,,,
2024-01-18,56.0,Meg Myers,The Rave,"Milwaukee, Wisconsin, United States",3.0,0.0,Rave Contest,1000.0,0.0,4.9,10.0,8.0,,,,,"The Rave, Milwaukee, Wisconsin, United States","2401 W Wisconsin Ave, Milwaukee, WI 53233",43.0379219,-87.9433191,"Meg Myers, Silversun Pickups, Speedy Ortiz, Arlo Parks, Social Cig, The Menzingers, Direct Hit!, Holy Pinto",2024-01-18,Meg Myers,The Rave,"Milwaukee, Wisconsin, United States"
2024-10-24,57.0,"The Nunnery, Dosh, Luke Callen, Maximiano ",Cactus Club,"Milwaukee, Wisconsin, United States",2.5,1.0,,150.0,1.0,9.5,15.0,285.0,Floating Gardens,2022-01-14,Top 25,1014 day(s),"Cactus Club, Milwaukee, Wisconsin, United States","2511 S Wentworth Ave, Milwaukee, WI 53207",42.9990303,-87.890202,"Willi Carlisle, Golden Shoals, Barely Civil, Overhand, Known Moons, Magazine Beach, Katy Kirby, Mei Semones, Maximiano, J.E. Sunde, Caley Conway, Bats, Maximiano, Long Mama, King Courteen, The Nunnery, Dosh, Luke Callen, Maximiano, Johanna Rose, Ellie Jackson, Bitch Creek",2024-10-24,"The Nunnery, Dosh, Luke Callen, Maximiano, Jesse Walkers Hitch",Cactus Club,"Milwaukee, Wisconsin, United States"
,,,,,,,,,,,,,,,,,,,,,,2025-02-22,"Barely Civil, Wave Chapelle, Caley Conway, 2hi",Amorphic Beer,"Milwaukee, Wisconsin, United States"
,,,,,,,,,,,,,,,,,,,,,,2025-01-29,"Almost Monday, Adrian Lyles",Vivarium,"Milwaukee, Wisconsin, United States"
,,,,,,,,,,,,,,,,,,,,,,2025-01-24,"Beach Bunny, Delaney Bailey",Turner Hall Ballroom,"Milwaukee, Wisconsin, United States"
,,,,,,,,,,,,,,,,,,,,,,2025-01-23,"Orillia, Poor Ridley, Maximiano",Sugar Maple,"Milwaukee, Wisconsin, United States"
,,,,,,,,,,,,,,,,,,,,,,2024-09-22,"A.A. Williams, Jorge Vallentine",X-Ray Arcade,"Milwaukee, Wisconsin, United States"
,,,,,,,,,,,,,,,,,,,,,,2024-09-17,"Arlo Parks, Social Cig",The Rave/Eagles Club,"Milwaukee, Wisconsin, United States"
,,,,,,,,,,,,,,,,,,,,,,2024-09-04,"Silversun Pickups, Speedy Ortiz",The Rave/Eagles Club,"Milwaukee, Wisconsin, United States"
,,,,,,,,,,,,,,,,,,,,,,2024-08-22,"Lindsey Stirling, Walk Off The Earth",Miller High Life Theatre,"Milwaukee, Wisconsin, United States"
,,,,,,,,,,,,,,,,,,,,,,2024-07-04,"Wave Chapelle, Ellie Jackson, Reyna, Say She She",Summerfest Grounds at Henry Maier Festival Park-M & I Bank Classic Rock Stage,"Milwaukee, Wisconsin, United States"
,,,,,,,,,,,,,,,,,,,,,,2024-06-27,"Alison Wonderland, Ken Carson, Sleater-Kinney, Boys Like Girls, St. Paul and The Broken Bones, K camp, Hawthorne Heights, Anberlin, Brigitte Calls Me Baby, Ian Asher, Briscoe, Millyz, grouptherapy., Clip, J Stone, Tracy Bonham, Cedric Burnside, McKinley Dixon, Bassel & the Supernaturals, ILLENIUM",Henry Maier Festival Park,"Milwaukee, Wisconsin, United States"
,,,,,,,,,,,,,,,,,,,,,,2024-06-21,"Charlotte Cardin, Taylor Bennett",Summerfest Grounds at Henry Maier Festival Park,"Milwaukee, Wisconsin, United States"
,,,,,,,,,,,,,,,,,,,,,,2024-01-27,Cécile McLorin Salvante,Marcus Performing Arts Center,"Milwaukee, Wisconsin, United States"
,,,,,,,,,,,,,,,,,,,,,,2023-12-28,"Trapper Schoepp, Nick Maas, Cabin Essence",Anodyne Coffee Roasting - Walker's Point Roastery,"Milwaukee, Wisconsin, United States"
,,,,,,,,,,,,,,,,,,,,,,2023-12-21,"Blacktop, Andii, Maximiano",Linneman's Riverwest Inn,"Milwaukee, Wisconsin, United States"
,,,,,,,,,,,,,,,,,,,,,,2023-12-09,Atsuko Okatsuka,Turner Hall Ballroom,"Milwaukee, Wisconsin, United States"
,,,,,,,,,,,,,,,,,,,,,,2023-11-30,"Angel Olsen, Kara Jackson",Turner Hall Ballroom,"Milwaukee, Wisconsin, United States"
,,,,,,,,,,,,,,,,,,,,,,2023-11-11,"Wave Chapelle, Emmit James, Micah Emrich, Duwayne, Dak Dubois",The Cooperage,"Milwaukee, Wisconsin, United States"
,,,,,,,,,,,,,,,,,,,,,,2023-10-29,"A. Savage, Max Niemann",The Back Room @ Colectivo,"Milwaukee, Wisconsin, United States"
,,,,,,,,,,,,,,,,,,,,,,2023-10-26,Darlingside,The Back Room @ Colectivo,"Milwaukee, Wisconsin, United States"
,,,,,,,,,,,,,,,,,,,,,,2023-10-20,This Is The Kit,88Nine Radio Milwaukee Studios,"Milwaukee, Wisconsin, United States"
,,,,,,,,,,,,,,,,,,,,,,2023-10-18,"Nation of Language, Miss Grit",Turner Hall Ballroom,"Milwaukee, Wisconsin, United States"
,,,,,,,,,,,,,,,,,,,,,,2023-10-14,"Jacob Slade, Sleepy Gaucho, Smushie",The Back Room @ Colectivo,"Milwaukee, Wisconsin, United States"
,,,,,,,,,,,,,,,,,,,,,,2023-10-07,"Ratboys, Free Range",The Back Room @ Colectivo,"Milwaukee, Wisconsin, United States"
,,,,,,,,,,,,,,,,,,,,,,2023-09-23,Jacob Slade,House Show,"Milwaukee, Wisconsin, United States"
,,,,,,,,,,,,,,,,,,,,,,2023-09-20,"The Front Bottoms, Vundabar",The Rave/Eagles Club,"Milwaukee, Wisconsin, United States"
,,,,,,,,,,,,,,,,,,,,,,2023-09-05,"Claud, Clementine, Barely Civil",X-Ray Arcade,"Cudahy, Wisconsin, United States"
,,,,,,,,,,,,,,,,,,,,,,2023-08-25,"The Righteous Babes, Gracie and Rachel, Holly Miranda, Jocelyn Mackenzie",The Back Room @ Colectivo,"Milwaukee, Wisconsin, United States"
,,,,,,,,,,,,,,,,,,,,,,2023-08-23,"Fontaines D.C., Been Stellar",The Rave/Eagles Club,"Milwaukee, Wisconsin, United States"
,,,,,,,,,,,,,,,,,,,,,,2023-08-22,Tim Heidecker,Turner Hall Ballroom,"Milwaukee, Wisconsin, United States"
,,,,,,,,,,,,,,,,,,,,,,2023-08-19,"Local Natives, Annika Bennett",Pabst Theater,"Milwaukee, Wisconsin, United States"
,,,,,,,,,,,,,,,,,,,,,,2023-08-15,"Jimmy Eat World, Manchester Orchestra, Middle Kids","Eagles Ballroom, The Rave/Eagles Club","Milwaukee, Wisconsin, United States"
,,,,,,,,,,,,,,,,,,,,,,2023-08-06,"Katy Kirby, Lutalo, King Courteen",Cactus Club,"Milwaukee, Wisconsin, United States"
,,,,,,,,,,,,,,,,,,,,,,2023-08-05,JR JR,The Loving Touch,"Ferndale, Michigan, United States"
,,,,,,,,,,,,,,,,,,,,,,2023-06-30,Cullah,Summerfest,"Milwaukee, Wisconsin, United States"
,,,,,,,,,,,,,,,,,,,,,,2023-06-29,"David Lopez, LAKE",Bremen Cafe,"Milwaukee, Wisconsin, United States"
,,,,,,,,,,,,,,,,,,,,,,2023-06-26,"Adi Oasis, Phillip-Michael Scales",The Back Room @ Colectivo,"Milwaukee, Wisconsin, United States"
,,,,,,,,,,,,,,,,,,,,,,2023-06-23,Haiku Hands,Cactus Club,"Milwaukee, Wisconsin, United States"
,,,,,,,,,,,,,,,,,,,,,,2023-06-21,"Counting Crows, Dashboard Confessional",Miller High Life Theatre,"Milwaukee, Wisconsin, United States"
,,,,,,,,,,,,,,,,,,,,,,2023-06-16,"Cullah, Revivalists",Anodyne Coffee Roasting - Walker's Point Roastery,"Milwaukee, Wisconsin, United States"
,,,,,,,,,,,,,,,,,,,,,,2023-06-15,Meshell Ndegeocello,Turner Hall Ballroom,"Milwaukee, Wisconsin, United States"
,,,,,,,,,,,,,,,,,,,,,,2023-06-10,"Chance the Rapper, T-Pain, Afroman, Bow Wow, tobi lou, Lil Scrappy, Taylor Bennett, DJ Paul, Ambre, Young Ca$h, Seddy Hendrinx, LaRussell, NandoSTL, DJay Mando, Chayo Nash",The Rave/Eagles Club,"Milwaukee, Wisconsin, United States"
,,,,,,,,,,,,,,,,,,,,,,2023-06-07,Samia,88Nine Radio Milwaukee Studios,"Milwaukee, Wisconsin, United States"
,,,,,,,,,,,,,,,,,,,,,,2023-05-26,"Emmitt James, NilexNile, Spider Creek, AC the Ruler",The Back Room @ Colectivo,"Milwaukee, Wisconsin, United States"
,,,,,,,,,,,,,,,,,,,,,,2023-05-24,"Fenne Lily, Christian Lee Hutson, Work Wife",The Back Room @ Colectivo,"Milwaukee, Wisconsin, United States"
,,,,,,,,,,,,,,,,,,,,,,2023-05-23,Ondara,Shank Hall,"Milwaukee, Wisconsin, United States"
,,,,,,,,,,,,,,,,,,,,,,2023-05-18,"David Wax Museum, Jacob Slade",The Back Room @ Colectivo,"Milwaukee, Wisconsin, United States"
,,,,,,,,,,,,,,,,,,,,,,2023-05-08,"half•alive, Tessa Violet, Dev Lemons",The Rave/Eagles Club,"Milwaukee, Wisconsin, United States"
,,,,,,,,,,,,,,,,,,,,,,2023-05-06,"Wave Chapelle, Eli $tone, 2hi, NilexNile",Exhibit Clothing Store,"Milwaukee, Wisconsin, United States"
,,,,,,,,,,,,,,,,,,,,,,2023-05-01,Overcoats,The Back Room @ Colectivo,"Milwaukee, Wisconsin, United States"
,,,,,,,,,,,,,,,,,,,,,,2023-04-22,Caroline Rose,Turner Hall Ballroom,"Milwaukee, Wisconsin, United States"
,,,,,,,,,,,,,,,,,,,,,,2023-04-04,"Lucius, Danielle Ponder",Turner Hall ,"Milwaukee, Wisconsin, United States"
,,,,,,,,,,,,,,,,,,,,,,2023-03-22,"Willi Carlisle, Willy Tea Taylor",Shank Hall,"Milwaukee, Wisconsin, United States"
,,,,,,,,,,,,,,,,,,,,,,2023-03-04,"The Collection, Mom Rock",The Back Room @ Colectivo,"Milwaukee, Wisconsin, United States"
,,,,,,,,,,,,,,,,,,,,,,2023-02-11,"Bella White, Jack Schneider",The Back Room @ Colectivo,"Milwaukee, Wisconsin, United States"
,,,,,,,,,,,,,,,,,,,,,,2023-02-09,"Immortal Girlfriend, Florentine Opera",The Cooperage,"Milwaukee, Wisconsin, United States"
,,,,,,,,,,,,,,,,,,,,,,2023-01-07,The Nunnery,Eau Claire Masonic Temple,"Eau Claire, Wisconsin, United States"
,,,,,,,,,,,,,,,,,,,,,,2022-12-23,Cullah,Anodyne Coffee Roasting - Walker's Point Roastery,"Milwaukee, Wisconsin, United States"
,,,,,,,,,,,,,,,,,,,,,,2022-12-16,Nikki Lane,Shank Hall,"Milwaukee, Wisconsin, United States"
,,,,,,,,,,,,,,,,,,,,,,2022-11-11,We Are the Willows,Anodyne Coffee Roasting - Walker's Point Roastery,"Milwaukee, Wisconsin, United States"
,,,,,,,,,,,,,,,,,,,,,,2022-10-21,"Saintseneca, Yowler",X-Ray Arcade,"Cudahy, Wisconsin, United States"
,,,,,,,,,,,,,,,,,,,,,,2022-09-17,"Bathtub Cig, The Nunnery, J.E. Sunde",Root Note Coffee,"La Crosse, Wisconsin, United States"
,,,,,,,,,,,,,,,,,,,,,,2022-09-16,"Field Report, Dosh, Dead Horses, Disq, GGOOLLDD, Why Not, Courtney Hartman, J.E. Sunde, Chris Koza, The Shackletons, Tugg, Good Morning Bedlam, Sleepy Gaucho, The People Brothers Band, Kiss the Tiger, Immortal Girlfriend, Seasaw, Kat and the Hurricane, Killusonline, Horace Greene, Mike Munson, Johanna Rose, Bathtub Cig, Luke Callen, glowingtide, The Gentlemen's Anti-Temperance League, The Violet Nines, Muun Bato, Caley Conway, Luke Hendrickson, The Immaculate Beings, Sweat Boys, St. Anthony Mann, theyself, Telethon (WI, USA), FènixDion, Bad Posture Club, Under Violet, Loud Mouth Brass, Jae Havoc, Ellie Jackson, The Nunnery (US), LASKA (US), WRST, RiGBY (MN), Audrey Robinson",Mid West Music Fest La Crosse 2022,"La Crosse, WI, US"
,,,,,,,,,,,,,,,,,,,,,,2022-09-14,Whitney,88Nine Radio Milwaukee Studios,"Milwaukee, Wisconsin, United States"
,,,,,,,,,,,,,,,,,,,,,,2022-09-08,"Steve 'n' Seagulls, Volk",Shank Hall,"Milwaukee, Wisconsin, United States"
,,,,,,,,,,,,,,,,,,,,,,2022-09-02,"Snail Mail, Momma, Hotline TNT",Turner Hall Ballroom,"Milwaukee, Wisconsin, United States"
,,,,,,,,,,,,,,,,,,,,,,2022-08-27,"Monica Martin, Jake Sherman",The Back Room @ Colectivo,"Milwaukee, Wisconsin, United States"
,,,,,,,,,,,,,,,,,,,,,,2022-08-25,Futurebirds,The Back Room @ Colectivo,"Milwaukee, Wisconsin, United States"
,,,,,,,,,,,,,,,,,,,,,,2022-08-19,Bodega,Cactus Club,"Milwaukee, Wisconsin, United States"
,,,,,,,,,,,,,,,,,,,,,,2022-08-13,Wave Chapelle,Marcus Center Bradley Pavillion,"Milwaukee, Wisconsin, United States"
,,,,,,,,,,,,,,,,,,,,,,2022-08-12,"Dead Horses, The Brother Brothers",Turner Hall ,"Milwaukee, Wisconsin, United States"
,,,,,,,,,,,,,,,,,,,,,,2022-08-10,"Rosie Tucker, The Beths",Raccoon Motel,"Davenport, Iowa, United States"
,,,,,,,,,,,,,,,,,,,,,,2022-08-04,"Yellow Ostrich, Bathtub Cig",The Back Room @ Colectivo,"Milwaukee, Wisconsin, United States"
,,,,,,,,,,,,,,,,,,,,,,2022-07-28,"Green Day, J. Cole, Big Sean, Metallica, Dua Lipa, Kygo, Tove Lo, Charli xcx, Machine Gun Kelly, Lil Baby, The Wombats, Tinashe, Local Natives, BANKS, Duke Dumont, ZHU, Royal Blood, Willow, Denzel Curry, Dashboard Confessional, Jazmine Sullivan, girl in red, Wallows, Manchester Orchestra, COIN, Cordae, King Princess, Chelsea Cutler, MK, Mahalia, Måneskin, Black Coffee, Bob Moses, The Marías, Beach Bunny, Polo & Pan, Sam Fender, Young Nudy, Duckwrth, IDLES, Maxo Kream, FLETCHER, Role Model, Last Dinosaurs, Goth Babe, PinkPantheress, 100%, MUNA, Liquid Stranger, Hinds, James Hype, Chris Lorenzo, Sampa The Great, The Regrettes, Remi Wolf, Turnstile, Rolling Blackouts Coastal Fever, Coi Leray, Caroline Polachek, Habstrakt, Alexander 23, Young franco, CloZee, Jasiah, Del Water Gap, Gracie Abrams, Blxst, Wet Leg, Rawayana, Cochise, Larry June, Inhaler, Zach Bryan, Djo, Griff, Gayle, BabyJake, Lorna Shore, Surf Mesa, Zoe Wees, EVAN GIIA, Genesis Owusu, flipturn, Low Cut Connie, KennyHoopla, BIJOU, DYLAN, Coco & Clair Clair, Claire Rosinkranz, SoFaygo, Atliens, Glaive, Daisy the Great, Whipped Cream, Maude Latour, Audrey Nuna, Mariah the Scientist, Mills, John Summit, Jesse Jo Stark, TSHA, Erica Banks, Sidepiece, Willie Jones, Rosie, Bikini, India Shawn, redveil, ericdoa, Teezo Touchdown, Emmy Meli, Trella, Pom Pom Squad, Petey, Tony Velour, midwxst, Jordy, Meet Me @ the Altar, Giovannie and the Hired Guns, LP Giobbi, Jackie Hayes, Peter Cottontale, Blackstarkids, Sam Austins, Horsegirl, Gordo, La Doña, David Solomon, Wreckno, Lucille Croft, COM3T, Biicla, Buffalo Nichols, Niko Rubio, Prentiss, underscores (US), Steller, Charm La'Donna, Gata, Dannylux, Aiida, Calder Allen, TAIPEI HOUSTON",Grant Park,"Chicago, Illinois, United States"
,,,,,,,,,,,,,,,,,,,,,,2022-07-28,"Horsegirl, Lifeguard",Cactus Club,"Milwaukee, Wisconsin, United States"
,,,,,,,,,,,,,,,,,,,,,,2022-07-09,"Parquet Courts, Illuminati Hotties, Dry Cleaning",Summerfest,"Milwaukee, Wisconsin, United States"
,,,,,,,,,,,,,,,,,,,,,,2022-07-07,"Ashe, Adam Melchor",Turner Hall Ballroom,"Milwaukee, Wisconsin, United States"
,,,,,,,,,,,,,,,,,,,,,,2022-07-02,Houndmouth,Cooperage,"Milwaukee, Wisconsin, United States"
,,,,,,,,,,,,,,,,,,,,,,2022-06-25,Noga Erez,Summerfest,"Milwaukee, Wisconsin, United States"
,,,,,,,,,,,,,,,,,,,,,,2022-06-13,Another Michael,House Show,"Philadelphia, Pennsylvania, United States"
,,,,,,,,,,,,,,,,,,,,,,2022-06-06,PUP,88Nine Radio Milwaukee Studios,"Milwaukee, Wisconsin, United States"
,,,,,,,,,,,,,,,,,,,,,,2022-06-06,"PUP, Oceanator",Turner Hall Ballroom,"Milwaukee, Wisconsin, United States"
,,,,,,,,,,,,,,,,,,,,,,2022-06-03,"Phoebe Bridgers, Charlie Hickey","BMO Pavilion, Henry Maier Festival Park","Milwaukee, Wisconsin, United States"
,,,,,,,,,,,,,,,,,,,,,,2022-05-29,The Rough & Tumble,Chateau De Sched,"Hartland, WI, US"
,,,,,,,,,,,,,,,,,,,,,,2022-05-14,"S. Carey, Courtney Hartman",The Back Room @ Colectivo,"Milwaukee, Wisconsin, United States"
,,,,,,,,,,,,,,,,,,,,,,2022-04-07,"Haley Heynderickx, Matt Dorrien",The Back Room @ Colectivo,"Milwaukee, Wisconsin, United States"
,,,,,,,,,,,,,,,,,,,,,,2022-04-07,Wave Chapelle,No Studios,"Milwaukee, Wisconsin, United States"
,,,,,,,,,,,,,,,,,,,,,,2022-04-06,"Wolf Alice, Charlie Hickey",Majestic Theatre,"Madison, Wisconsin, United States"
,,,,,,,,,,,,,,,,,,,,,,2022-04-03,"Lala Lala, Elton Aura",The Back Room @ Colectivo,"Milwaukee, Wisconsin, United States"
,,,,,,,,,,,,,,,,,,,,,,2022-03-29,Shovels & Rope,Turner Hall Ballroom,"Milwaukee, Wisconsin, United States"
,,,,,,,,,,,,,,,,,,,,,,2022-03-28,"Perfume Genius, Hand Habits",Turner Hall Ballroom,"Milwaukee, Wisconsin, United States"
,,,,,,,,,,,,,,,,,,,,,,2022-03-25,Cabin Essence,3rd Ward Coffee Shop,"Milwaukee, Wisconsin, United States"
,,,,,,,,,,,,,,,,,,,,,,2022-03-24,"Bright Eyes, Christian Lee Hutson",The Riverside Theater,"Milwaukee, Wisconsin, United States"
,,,,,,,,,,,,,,,,,,,,,,2022-03-18,"The Tallest Man On Earth, Uwade",Pabst Theatre,"Milwaukee, Wisconsin, United States"
,,,,,,,,,,,,,,,,,,,,,,2022-03-18,Cabin Essence,The Cooperage,"Milwaukee, Wisconsin, United States"
,,,,,,,,,,,,,,,,,,,,,,2022-03-12,Tank and the Bangas,Studio Milwaukee Session,"Milwaukee, Wisconsin, United States"
,,,,,,,,,,,,,,,,,,,,,,2022-03-05,"Fenne Lily, Illuminati Hotties, Pom Pom Squad",The Back Room @ Colectivo,"Milwaukee, Wisconsin, United States"
,,,,,,,,,,,,,,,,,,,,,,2022-03-02,"Wet Leg, Social Cig",Pabst Theatre,"Milwaukee, Wisconsin, United States"
,,,,,,,,,,,,,,,,,,,,,,2022-02-20,"Waxahatchee, Madi Diaz",Thalia Hall,"Chicago, Illinois, United States"
,,,,,,,,,,,,,,,,,,,,,,2022-02-19,"Gold Steps, Fuzzysurf, Cabin Essence, CREDENTIALS (US)",The Cooperage,"Milwaukee, Wisconsin, United States"
,,,,,,,,,,,,,,,,,,,,,,2022-02-14,"Lucy Dacus, Indigo De Souza",Turner Hall Ballroom,"Milwaukee, Wisconsin, United States"
,,,,,,,,,,,,,,,,,,,,,,2022-02-09,Clem Snide,Anodyne Coffee Roasting Co.,"Milwaukee, Wisconsin, United States"
,,,,,,,,,,,,,,,,,,,,,,2021-11-01,Another Michael,Cactus Club,"Milwaukee, Wisconsin, United States"
,,,,,,,,,,,,,,,,,,,,,,2021-10-28,"William Prince, Katie Pruitt",Shank Hall,"Milwaukee, Wisconsin, United States"
,,,,,,,,,,,,,,,,,,,,,,2021-10-26,"Adam Melchor, Field Medic",High Noon Saloon,"Madison, Wisconsin, United States"
,,,,,,,,,,,,,,,,,,,,,,2021-10-09,"Aoife O'Donovan, Taylor Ashton",Stoughton Opera House,"Stoughton, Wisconsin, United States"
,,,,,,,,,,,,,,,,,,,,,,2021-10-02,"Middle Kids, Mattiel",Metro,"Chicago, Illinois, United States"
,,,,,,,,,,,,,,,,,,,,,,2021-09-18,"Phillip-Michael Scale, Tank and the Bangas, Manchester Orchestra, Black Pumas",Summerfest,"Milwaukee, Wisconsin, United States"
,,,,,,,,,,,,,,,,,,,,,,2021-09-17,"Luna Li, Japanese Breakfast",Turner Hall Ballroom,"Milwaukee, Wisconsin, United States"
,,,,,,,,,,,,,,,,,,,,,,2021-09-16,Dropkick Murphys,Summerfest,"Milwaukee, Wisconsin, United States"
,,,,,,,,,,,,,,,,,,,,,,2021-09-05,"We Are the Willows, Ellie Jackson",Anodyne Coffee Roasting Co.,"Milwaukee, Wisconsin, United States"
,,,,,,,,,,,,,,,,,,,,,,2021-07-16,The Ballroom Thieves,The Sinclair,"Cambridge, Massachusetts, United States"
,,,,,,,,,,,,,,,,,,,,,,2020-03-05,"Bad Bad Hats, Cabin Essence",The Back Room @ Colectivo,"Milwaukee, Wisconsin, United States"
,,,,,,,,,,,,,,,,,,,,,,2019-12-07,"Joan Shelley, Daughter of Swords",The Back Room @ Colectivo,"Milwaukee, Wisconsin, United States"
,,,,,,,,,,,,,,,,,,,,,,2019-10-27,We Are the Willows,House Show,"Milwaukee, Wisconsin, United States"
,,,,,,,,,,,,,,,,,,,,,,2019-10-26,"Marika Hackman, Girl Friday",The Back Room @ Colectivo,"Milwaukee, Wisconsin, United States"
,,,,,,,,,,,,,,,,,,,,,,2019-10-25,Matt and Kim,Turner Hall Ballroom,"Milwaukee, Wisconsin, United States"
,,,,,,,,,,,,,,,,,,,,,,2019-10-11,"Lucy Dacus, liza anne, Sun June",Majestic Theatre,"Madison, Wisconsin, United States"
,,,,,,,,,,,,,,,,,,,,,,2019-09-21,"Two Door Cinema Club, Overcoats",Riviera Theatre,"Chicago, Illinois, United States"
,,,,,,,,,,,,,,,,,,,,,,2019-09-14,The Zach Pietrini Band,Backyard Show,"West Allis, Wisconsin, United States"
,,,,,,,,,,,,,,,,,,,,,,2019-06-13,JR JR,Lincoln Hall,"Chicago, Illinois, United States"
,,,,,,,,,,,,,,,,,,,,,,2019-04-19,"Lady Lamb, Renata Zeiguer, Alex Schaaf, Yellow Ostrich",First Avenue and 7th St Entry - 7th St Entry Room,"Minneapolis, Minnesota, United States"
,,,,,,,,,,,,,,,,,,,,,,2019-03-19,"Jukebox the Ghost, The Mowgli's, Twin XL",Turner Hall Ballroom,"Milwaukee, Wisconsin, United States"
,,,,,,,,,,,,,,,,,,,,,,2019-02-21,Beirut,Pabst Theatre,"Milwaukee, Wisconsin, United States"
,,,,,,,,,,,,,,,,,,,,,,2018-11-11,Anna Burch,Memorial Union,"Madison, Wisconsin, United States"
,,,,,,,,,,,,,,,,,,,,,,2018-10-19,The Hunts,The Grand Opera House,"Oshkosh, Wisconsin, United States"
,,,,,,,,,,,,,,,,,,,,,,2018-10-12,We Are the Willows,Arcadia Charter School,"Arcadia, MN, United States"
,,,,,,,,,,,,,,,,,,,,,,2018-08-02,"Wilderado, The National Parks, Michigander, Mo Lowda & the Humble, JC Brooks Band, Sam Burchfield, Luke Winslow-King, Will Dailey, Caleb Hawley, Lilly Hiatt, The Suitcase Junket, Daniel Ellsworth and the Great Lakes, The vegabonds, Farewell Milwaukee, Terra Lightfoot, Reyna, Sun Seeker, Girl Blue, The Right Now, Sarah Potenza, Melodime, Pip the Pansy, Phillip-Michael Scales, The High Divers, C2 & The Brothers Reed, The artisanals, Andrew Leahey & the Homestead, The Mammoths, Zach DuBois, Armchair Boogie, Emily Kopp, Fox Grin, Captain Ivory, Chasing Lovely, Frederick The Younger, Elle Winston, Harpooner, Adrian+Meredith, Ryan M. Brewer, Christina Larocca, Kari Arnett, Stone & Snow, The Hawkeyes - Pgh PA, Bob Barrick, Michael James Wheeler, F I N K E L",Mile of Music Festival,"Appleton, Wisconsin, United States"
,,,,,,,,,,,,,,,,,,,,,,2018-07-29,"Vacationer, Sego",The Crocodile,"Seattle, Washington, United States"
,,,,,,,,,,,,,,,,,,,,,,2018-07-21,"The Low Anthem, The Ophelias",Mississippi Studios,"Portland, Oregon, United States"
,,,,,,,,,,,,,,,,,,,,,,2018-06-15,We Are the Willows,Mortimers,"Minneapolis, Minnesota, United States"
,,,,,,,,,,,,,,,,,,,,,,2018-04-20,Kyle Menga & Ross Catterton,Gibson Community Music Hall,"Appleton, Wisconsin, United States"
,,,,,,,,,,,,,,,,,,,,,,2018-01-19,The Hunts,CAL Center,"Reedsburg, Wisconsin, United States"
,,,,,,,,,,,,,,,,,,,,,,2017-10-06,JR JR,Fine Line,"Minneapolis, Minnesota, United States"
,,,,,,,,,,,,,,,,,,,,,,2017-09-17,"Auralai, Anima",Backyard Show,"Oshkosh, Wisconsin, United States"
,,,,,,,,,,,,,,,,,,,,,,2017-08-19,The Zach Pietrini Band,A Boat,"West Bend, WI"
,,,,,,,,,,,,,,,,,,,,,,2017-08-06,Cat Clyde,Company Brewing Appleton,"Appleton, Wisconsin, United States"
,,,,,,,,,,,,,,,,,,,,,,2017-07-24,Tall Heights,Peg Egan Performing Arts Center,"Egg Harbor, Wisconsin, United States"
,,,,,,,,,,,,,,,,,,,,,,2016-07-29,JR JR,The Rave/Eagles Club,"Milwaukee, Wisconsin, United States"
,,,,,,,,,,,,,,,,,,,,,,2016-07-24,Tall Heights,Peg Egan Performing Arts Center,"Egg Harbor, WI, US"
,,,,,,,,,,,,,,,,,,,,,,2015-07-12,The Hunts,Peg Egan Performing Arts Center,"Egg Harbor, Wisconsin, United States"
,,,,,,,,,,,,,,,,,,,,,,2015-01-10,We Are the Willows,Paradigm Coffee,"Sheboygan, Wisconsin, United States"
,,,,,,,,,,,,,,,,,,,,,,2014-10-24,The Hunts,Southern Door Community Auditorium,"Sturgeon Bay, WI"
,,,,,,,,,,,,,,,,,,,,,,2014-10-16,"Kina Grannis, Imaginary Future",Turner Hall Ballroom,"Milwaukee, Wisconsin, United States"
,,,,,,,,,,,,,,,,,,,,,,2014-09-25,"Gregory Alan Isakov, Reed Foeh",Grand Opera House Oshkosh,"Oshkosh, Wisconsin, United States"
,,,,,,,,,,,,,,,,,,,,,,2014-08-31,"Canyon Spells, Christopher Gold, Noah Harris, Daniel and the Lion",933 W. Calumet St. (House Show),"Appleton, Wisconsin, United States"
,,,,,,,,,,,,,,,,,,,,,,2014-08-03,"Phox, St Paul and the Broken Bones, San Fermin (US)",Meyer Theatre,"Green Bay, Wisconsin, United States"
,,,,,,,,,,,,,,,,,,,,,,2014-06-18,"Juicy J, Spoon, Mac DeMarco, St. Vincent, Danny Brown, Run the Jewels, Rhye, Tune-Yards, Alvvays, Low, Spiritualized, Kelela, Swans, Fuck Buttons, Goat, Metz, Speedy Ortiz, Eagulls, Omar Souleyman, Mas Ysa, Trembling Bells, OBESØN, Devon Sproule, Marker Starling, Beliefs, The Pizza Underground, Bernice, Slow Down, Molasses, John Southworth, The Van Allen Belt, Freeze-tag, Sleigh Bells, A$AP Ferg, Oneohtrix Point Never, Tim Hecker, Courtney Barnett, Glasser, Ratking, Perfect Pussy, Guerilla Toss, Le1f, Mutual Benefit, Ryan Hemsworth, The Barr Brothers, Small Black, Odonis Odonis, Swearin', Dan Croll, DJ Jonathan Toubin, Astro, Snowmine, Until The Ribbon Breaks, Laurel, Calvin Love, Juan Wauters, Hunters, Saint Rich, Death Hymn Number 9, Kalle Mattson",NXNE,"Toronto, Ontario, Canada"
,,,,,,,,,,,,,,,,,,,,,,2014-06-13,Saintseneca,Shank Hall,"Milwaukee, Wisconsin, United States"
,,,,,,,,,,,,,,,,,,,,,,2013-12-07,Daniel and the Lion,Cranky Pat's,"Appleton, Wisconsin, United States"
,,,,,,,,,,,,,,,,,,,,,,2013-10-20,"Little Green Cars, Foy Vance",Turner Hall Ballroom,"Milwaukee, Wisconsin, United States"
,,,,,,,,,,,,,,,,,,,,,,2013-09-28,"JR JR, Save The Clocktower, DJ the Real Jaguar",High Noon Saloon,"Madison, Wisconsin, United States"
,,,,,,,,,,,,,,,,,,,,,,2013-09-27,"Shovels & Rope, Shakey Graves",High Noon Saloon,"Madison, Wisconsin, United States"
,,,,,,,,,,,,,,,,,,,,,,2013-08-10,"""Mile Of Music"", Justin Townes Earle, The Candles, Those Darlins, Cat Clyde",Downtown Appleton,"Appleton, Wisconsin, United States"
,,,,,,,,,,,,,,,,,,,,,,2013-06-28,"Phox, Daniel and the Lion",Summerfest,"Milwaukee, Wisconsin, United States"
,,,,,,,,,,,,,,,,,,,,,,2013-06-07,"Black Lips, The Drums, Cayucas, DWNTWN, Data Romance, Fool's Gold, Calvin Love, Kitten, Riff Raff",590 S. Santa Fe St.,"Los Angeles, California, United States"
,,,,,,,,,,,,,,,,,,,,,,2013-02-08,"The Vaccines, San Cisco",Turner Hall Ballroom,"Milwaukee, Wisconsin, United States"
,,,,,,,,,,,,,,,,,,,,,,2012-11-11,Dead Horses,Perry Hall,"1001 Elmwood Ave, Oshkosh, WI 54901"
,,,,,,,,,,,,,,,,,,,,,,2012-10-06,Daniel and the Lion,Beckets Restaurant,"2 Jackson St, Oshkosh, WI 54901"
,,,,,,,,,,,,,,,,,,,,,,2012-09-23,The Lumineers,The Riverside Theater,"Milwaukee, Wisconsin, United States"
,,,,,,,,,,,,,,,,,,,,,,2012-09-21,"Pearl and the Beard, Anna Vogelzang, Phox",Majestic Theatre,"Madison, Wisconsin, United States"
,,,,,,,,,,,,,,,,,,,,,,2012-08-02,"Sharon Van Etten, Yellow Ostrich, Tennis",Turner Hall Ballroom,"Milwaukee, Wisconsin, United States"
,,,,,,,,,,,,,,,,,,,,,,2012-06-28,Conveyor,Mercury Lounge,"New York, New York, United States"
,,,,,,,,,,,,,,,,,,,,,,2012-04-15,Pearl and the Beard,Cafe Carpe,"Fort Atkinson, Wisconsin, United States"
,,,,,,,,,,,,,,,,,,,,,,2012-03-24,Andrew Bird,The Riverside Theater,"Milwaukee, Wisconsin, United States"
,,,,,,,,,,,,,,,,,,,,,,2011-11-18,The Avett Brothers,The Riverside Theater,"Milwaukee, Wisconsin, United States"
,,,,,,,,,,,,,,,,,,,,,,2011-07-26,"Blitzen Trapper, Ages and Ages",Slowdown,"Omaha, Nebraska, United States"
,,,,,,,,,,,,,,,,,,,,,,2010-07-11,"The Avett Brothers, Elephant Revival",Lake Superior Big Top Chautauqua,"Bayfield, WI"
,,,,,,,,,,,,,,,,,,,,,,2010-03-06,"The Low Anthem, The Avett Brothers",The Riverside Theater,"Milwaukee, Wisconsin, United States"
,,,,,,,,,,,,,,,,,,,,,,2010-02-19,Diane Schuur,Fox Cities Performing Arts Center,"Appleton, Wisconsin, United States"
